modelo,f1_macro
MLP,0.463886059261365
XGBoost,0.45292852242240655
