Modelo,Tipo,F1_Macro,F1_Weighted,Accuracy,T_Entren_s,T_Infer_s
MLP + Dropout → BatchNorm,MLP,0.38170218349136686,0.4177267185792318,0.429769392033543,11.287790060043335,0.0005767345428466797
XGBoost,Ensamble,0.3803562670630223,0.41465658271911493,0.44025157232704404,4.1502673625946045,0.007387876510620117
LightGBM,Ensamble,0.36743294520806674,0.411290744584634,0.44654088050314467,1.0821094512939453,0.008771896362304688
Gradient Boosting,Ensamble,0.3654949890394346,0.4044713106152461,0.4381551362683438,41.80750894546509,0.007350921630859375
MLP + Dropout (post-activación),MLP,0.34695763285523523,0.36835208712668155,0.4025157232704403,8.243281126022339,0.00039577484130859375
MLP + BatchNorm → Dropout,MLP,0.34019072706245346,0.3802376978386047,0.40461215932914046,12.28152346611023,0.0006163120269775391
Random Forest,Ensamble,0.3034221319149515,0.358527675662792,0.42138364779874216,1.202214002609253,0.057628631591796875
MLP + BatchNorm (post-activación),MLP,0.3015384455174034,0.339259106277277,0.350104821802935,9.778420686721802,0.0006542205810546875
MLP Base (Sin Regularización),MLP,0.29421938323470465,0.33151435215057423,0.3480083857442348,7.088628053665161,0.008419990539550781
